X,Y
-8.659655272809625,1.3446547055468692
-4.765612089983431,-8.923285757400107
-8.744242869376603,-0.5765671205565683
1.8057381725669859,-13.008058352905556
-4.798434149638832,-8.945115732295093
0.5000922031241737,-15.206919036477986
-4.937847073892528,-9.092339030226725
1.415628749723414,-13.319360348230793
1.204203131189463,-13.471585801562677
-9.856031944082737,0.6921499427869908
1.7622916256651904,-13.957272374377624
-5.232319778021362,-7.766190851511233
-8.213138886389133,-0.5863770337787495
0.5753928279354444,-14.832943071775603
0.08400044985005173,-13.778631600296409
2.0862956363742087,-11.603613241527944
-5.945828309582145,-8.626306316791377
0.8433313270416665,-13.379710289963233
1.1074002454448295,-13.216920978275962
-8.46250985150022,2.1753307059661324
-8.0988375775609,0.34868830110953586
1.4809712875118521,-13.71243134841755
-6.859616444777403,-0.14137297543766647
1.3894940940677323,-12.55950302378757
2.187544942249525,-12.829388489213088
-3.3395402413280895,-6.466453182814375
-7.984885600729201,0.9829183792508354
-7.473160476824678,0.391327010417199
-8.57353096218559,1.671923350912797
-7.843043027989252,2.5196930422465336
1.5313474059469625,-13.644200041230189
-5.170787745055051,-8.077811504363694
-4.175844912061364,-7.877436577250499
-8.401566089387492,1.6337863177172718
-9.263930899696105,2.52553090105191
-7.491708976464009,0.006128405791677727
-4.149737100163336,-6.666324853583269
-2.6513811955082742,-8.597021161950128
-4.9815990848491944,-7.8793701031799595
3.5488126639825603,-13.332903155684459
-4.957313840132749,-7.654721839239006
-8.287769856682184,0.13806769936726548
-8.201006492401076,0.6786769865130233
1.151982775190771,-13.624467565366912
2.774675090590815,-13.637856420177405
-8.491688707943652,1.5607224287157977
-8.331924558260393,0.7970547782403427
-4.734358129559162,-8.483708188104005
-8.776309601534233,-1.0925728305396132
-5.018617247684603,-5.021630938937905
-2.6047507783088095,-8.854374920438037
2.3206150533528036,-13.788827324097358
-3.9742323624898,-8.635739563301668
-5.822159833419491,-8.735733894466849
-3.2461193407909885,-8.550106289656636
1.0270459267445653,-14.343660805404918
1.9538454014199647,-13.764518822172583
-9.156531258816955,1.2863641281122686
1.6524724683337564,-13.863355667886255
-2.53204379868322,-8.107957841565609
-7.8682662139702755,-1.2585868088244667
-3.4845278845331156,-9.003686416103868
1.9974248959454537,-14.12668741746654
-4.612840710752641,-6.923966343290552
-9.849027578438971,-0.4759026408364637
-4.9540852490906255,-8.310213634443983
-0.19965971058008503,-13.22918890484216
2.679744057621422,-12.466019143043223
-7.436142891188775,0.2897377655263197
-7.251471568244711,0.41532851764757495
-6.941096323528524,1.5453790985564817
-7.219498466915891,0.8291694053733532
0.6395909050793384,-13.30933688404644
3.336388572276469,-13.081622588994401
2.362578452146688,-13.470710835598307
0.5858020569260154,-13.510565860175468
-6.917628596443688,1.7110233150660217
2.506328098941634,-13.461795929863024
-4.378584171451053,-8.768385275571326
-8.554803229497914,1.0203355146846191
-7.429390699889124,0.16103539622707397
0.7743626904291167,-15.155229516372856
-9.79346113725075,-0.13744793232131847
-8.816533964089242,1.2183760932668883
-8.419280017658078,0.4731321307069751
2.551591152386659,-12.697184950163019
-3.3044862897627896,-7.8349943309404475
-7.828778224862713,-0.07426719586276687
-9.190215424454927,1.193810097562958
-2.4226828626996375,-8.56317960328762
0.5121667611545142,-13.689312737133093
2.8501054295456862,-13.628950273769274
-5.092844199114202,-7.9184493635859905
-7.992203889730578,2.7053350395169597
3.5254769185151495,-14.450461478907979
-9.406870678110872,0.2185716841341348
-11.212097866934599,2.405945604645918
2.8593475910251493,-13.617212283811414
1.7294743986722967,-13.058334959558138
-4.6929926595716935,-8.125370353039754
-7.699884385614511,-0.08960229261960029
-4.758069263519884,-8.093043924995392
-4.302034822080839,-9.415522561097585
-8.799207074551216,-0.5355306808356521
-3.840293748670837,-9.682594698211105
0.7217520183263987,-14.593028825613128
1.4143289946426751,-13.886272097306309
-2.8970362603627757,-7.895144233812299
-7.95351509511584,1.8722529198316638
-7.047371546255943,0.4620149573926897
2.280597795017059,-11.689080450083972
-5.499954101545835,-7.295912173650618
-8.080692257939592,1.4182927099561091
-6.437850152576215,0.33352653636415647
-9.166579370897445,0.6451849801219344
1.7147897386640785,-14.422010728074772
0.9776224046000426,-13.226667727889472
-1.9171057599437846,-7.1833343844771225
-7.973698622158899,2.827882840999165
-7.921763322483313,1.8126674213715415
-7.087212697020463,0.5156371816372809
-6.90313453019122,1.7219513153360275
3.9055135962910046,-12.224061564001525
1.9123138270251563,-13.973483509137257
-3.6749993751624115,-6.246864920115732
-7.879091099289126,0.838130982423296
-8.82266451927563,1.0596925616516475
1.818077670592714,-13.885787552801812
-9.379644685554998,2.0874562406374624
0.7711435147965248,-15.477784160789064
-9.40028264635023,0.419825884591136
0.46314163131096175,-13.180499308469702
2.160134004465446,-13.168993898002256
1.670226349223015,-14.250850637980562
-2.706863377795358,-7.615603026150204
-9.527210314318786,-0.2109163354592558
1.2918828094916268,-13.29908960333994
-8.99529527171435,0.825023336518488
-7.083238264155043,-0.10502466940553767
-7.6956002433976245,0.024526992762593847
-9.15397286249707,2.088626759683714
0.7896492288854754,-12.925379697858215
-10.19412315248389,0.9745701240241483
-8.949648616120788,1.4053946089121445
0.9341761743889655,-14.86537799679426
2.8578843308789326,-15.120670231892234
-4.642120616588333,-7.958240834900961
-4.8665634566317,-9.119482116089152
-4.141879606070762,-7.716744992261986
-2.88705904866033,-8.539562151737092
2.4759797375497676,-12.36662090743043
-8.521197508582011,-0.35454271223508194
0.4262129600788289,-14.23391293851209
2.496953347827631,-15.02676249355223
0.9983646811583953,-12.985750877729688
-5.161224273774575,-7.497624405148509
-3.516323489890119,-8.025156111841929
1.0860077356757256,-13.98485660451194
1.3601523349050744,-13.324219279393429
-9.616204963853512,-0.5589320879027451
-4.144412467190679,-7.059869852929606
0.2789424143746817,-9.99105302779374
2.7154435168867277,-14.752709486524912
1.9474212680151264,-14.244991209693966
-0.2764324544070107,-14.196743934208701
-3.556608581381229,-6.286125446776761
-4.637972601451746,-8.398649443075461
-7.541648304096266,1.5082316721247961
1.900815282692371,-13.582540709908331
0.2707896105119958,-13.940258313411984
-8.304776621567024,0.10360684577634882
-3.10205486556936,-8.869107845886532
4.585638333299971,-14.16192385299957
-4.9127416239301525,-8.441179398403202
-8.388182138676317,0.689379020119504
-4.640758816744729,-8.316913912881617
-3.960130587687529,-8.055656339803285
2.444384928084093,-13.349073429169085
3.419468381074723,-13.079668806048398
3.177317493908684,-14.307497157415014
-10.583537503819374,0.8930425912159337
2.452771856562964,-14.72798017352803
-4.9847421311016955,-9.671912011674618
1.1726889749699563,-13.569803552689812
-6.666698874992136,2.1113655646423855
0.59473225350005,-15.254264672803785
1.5753950200351237,-12.539087563899669
-4.811162653814672,-8.360610387265671
-8.288889369536252,-0.08174070844340697
-9.92528200023115,1.9847055120864474
-0.4659126335118311,-13.445264275702442
1.836567131301266,-12.836295932246877
1.0438436309926553,-13.836884712953522
-7.101437076779196,-0.0817047361453751
-4.778438067345931,-9.564688590488178
-3.6094596930000344,-8.245285911415719
3.8480584421733557,-12.471581782102268
0.45780477080467974,-12.789790813265768
-3.873210891358889,-6.486777850947291
-3.9530108695936743,-7.3754415925383485
-8.648442620624293,1.2238760126097634
-5.710382295149145,-7.6879376070746375
-4.496513546897276,-10.344930383600094
-2.9631857675152684,-8.981462121029345
1.4243151194579926,-13.188049353734765
-3.1635926556000107,-8.09941068857301
-4.025610152250717,-7.456174081368873
-5.1438672051495145,-8.345606241449355
-7.674493280130104,3.783116968333949
-7.900300964020199,-0.291004005032105
3.5485765324776715,-12.891226431542403
1.2805494164414828,-13.891314823828253
-6.382865915472097,0.7384400249863401
-7.625630956419213,0.3470976696175855
-5.962757473815636,-7.481002309662891
-3.1155532159504586,-9.211873070767298
1.2138016730196064,-14.581296370531758
-6.280919142677678,0.12375221286843252
-3.7503791803357136,-7.848201250470353
-7.49986436823939,0.9832097709247611
-3.482649968723206,-8.551202119311219
3.934833177090856,-13.419252496266107
-5.741993184470999,-6.990298713935795
-9.118603883107236,0.2403243549344884
-3.2809087186664954,-8.971091682471615
-10.434242063626668,-0.6554938257023952
-9.093587811025575,0.25332607056145356
-4.092568930681149,-7.914877666453121
-5.2941351570279025,-9.149644264135754
-11.198262634014156,0.659535673911741
-8.161081713121058,0.3564523296196718
-2.280575869000274,-8.992757378896485
-3.8106390813978748,-8.776277618029754
-8.003351162716328,0.5062649839374735
0.8566545846410714,-14.521583283973346
-4.409834453144309,-9.995387264273829
3.2667133225808227,-15.705724187744753
-5.460624610268551,-10.611600409464913
0.31601123691076527,-14.434814259674352
-5.469849797600431,-8.288509051856426
2.2487557002988363,-14.044299002025127
-2.2725951896069576,-6.434981040686579
-2.8705861093531144,-8.48798329374788
-9.618590343627183,1.578732324883342
5.190772586382595,-14.647978630174958
-4.102906582597011,-8.479654376215342
-9.073999257394718,1.7469406875060947
-3.625970362206982,-7.956115624823488
-4.194575012973368,-7.524324270746164
-9.964978176494489,1.9311888435434994
-9.810459276969187,0.6016320130965815
0.8723756454130653,-14.875830760854889
-2.6189308779532015,-7.713524962621138
1.456024608670401,-15.280214260339243
-8.726791156915723,1.0071039658293037
-7.724325046291854,0.7888111779797384
-3.504987026503938,-8.435557452021754
-7.952149794503676,-0.29339536965283797
1.6189742067787278,-13.891075272186885
-7.464871104056702,-1.72221861220412
-9.10165045076915,0.31075720348302754
-8.229572862844565,2.0422228856128717
-4.578285139287788,-9.563722069178118
-5.031084356646419,-9.981008075307077
-1.105236312426297,-13.301934094643086
-8.523095596555878,0.09410643611215364
0.5117706683156134,-12.291859191520183
-8.841245258943033,0.98356226965891
-9.022067985233672,0.8740467020446736
-3.1674716296736354,-7.490406341455431
-2.0441267312543485,-8.858038476201159
-8.637314159486388,1.9892879207218506
1.4120755327041936,-13.371297260591144
-7.721267064120971,1.540339164460753
1.7973933339731387,-13.372576328914471
-5.423555081084784,-9.189972721813184
1.5749354990446411,-13.611860338161799
1.6692056921217167,-14.74953241240864
-7.117465202263598,1.1306530700016686
2.321431324572977,-13.967489050123156
-7.681373777721283,1.4820628037951926
-3.6984913918708258,-7.856359163028967
-9.685417660418405,2.778268357957514
1.3196706957934534,-14.488089349240825
-9.030732037617454,2.2160575806757556
3.8618861304937195,-13.45931883609801
-7.128890002823291,0.24158249209089494
0.029691957745837882,-12.600344644909626
-6.736290260129566,-9.996954331894624
-8.03037217154665,2.092066352738069
1.5915374824914257,-13.007188020234466
1.7353934324426603,-13.37210900678038
0.24014394487399193,-15.621652680304159
-8.643787310373645,2.5793642503838647
-6.771426751378755,-0.04588796901647885
-9.058130760926943,1.1882671507921945
-3.169240643577649,-7.643059766448078
-7.695008890107762,0.5448912792401648
-3.9791877719073767,-7.242026918902306
-4.732405246913573,-7.599834935245255
1.3291746259610635,-12.588425866220549
-4.875774147759992,-7.452193727180279
-7.027724156331216,1.77464810005845
-5.608482800065411,-9.503610707699217
-2.1129946915053135,-11.228360211022043
2.187403385609169,-13.579584841504081
0.19115729822334138,-12.843152199746681
-3.6062224178780116,-7.2540148336324926
-3.716747303066713,-8.028582326350056
-8.358597546170552,0.7441740235943929
-5.724819202745796,-7.149847580805526
-8.55326154874458,-0.21025539965141837
-2.5685138611839697,-7.756643963781381
-3.375524376467541,-7.387043402464611
-5.533620000772239,-8.561981322171802
1.415511083721063,-13.923597435880088
1.6271931711553178,-14.207348404477779
-3.47853363608586,-10.36399370388213
-3.2902542961736994,-7.586158400420507
-4.272607796971204,-8.652085965503371
-3.2488890774211283,-7.436031288888596
-6.605611821713545,1.0077814916326249
-2.971909264006098,-7.481234441336621
-3.7352001513890487,-9.071083623542442
-3.6358950380819297,-6.5126909058467195
-4.814340626194178,-7.863166901377375
-8.255736564950254,0.16060593101147747
-7.988140253315791,1.9554239540757434
-5.09669490983099,-8.670423138691262
-3.853892418085538,-8.289046953211303
-2.493802159442496,-6.353688151522835
-8.971029801937643,0.8930447522942664
-5.160753832419653,-7.826737703968583
-4.810548409052279,-6.45226634011355
1.7615250393820077,-11.553886927547298
-6.362488579049887,-7.576520717522732
-2.187356272821667,-6.39499215522282
1.8568326404196605,-14.148435251733678
2.369212995029343,-14.543578757224925
-8.67522102540067,1.525927247314777
0.894226416958965,-13.780997007954875
3.224916758072644,-13.567487042139591
-8.243216402847475,-1.2816862608892545
2.148405893039994,-13.386435964406713
1.019128353027304,-15.797835356185518
-4.120881330592046,-8.667044593986205
-9.753092059750987,1.0684909225604986
-6.263308511030354,0.1906608429775144
-9.006002371736923,1.2289510332636846
-2.253220408978661,-7.823675532560204
-3.823394443951149,-9.50428001033068
2.538052438366199,-14.246845251639026
2.149959593470007,-12.741346294484662
-7.504195761690057,2.1333941153452116
-9.038248442269923,2.2752549996562763
0.6281107058395491,-13.640075296027339
-3.8175079590772434,-8.870612329019174
-8.402111372272186,1.1297255993823756
-4.815966768461388,-8.009649862750603
-7.981544305199192,-0.12667284956502045
-8.860088052170378,-1.180710454288381
-7.691901882588963,1.3303566115650258
-4.487036491071002,-8.943077096525016
-3.6556600218916975,-9.671736344810551
-6.563820537829024,0.9347298936395645
0.7113167611495304,-13.530547150960421
-3.040643794398195,-9.608077117110275
-7.782018740701079,1.4020066401110016
-2.4744807497922565,-10.782976964222858
1.4425740597040295,-13.958263246329484
-4.638918008855097,-7.6957489249538975
0.8323323288521355,-15.680894709864383
-2.987012349368788,-6.901862397180537
1.6360167783764024,-13.72025476386264
-10.195463364362647,1.0921146830584145
-7.862562877354299,1.8210764391520207
-8.122422540860047,1.9988801927780446
-9.06684723545687,-0.02529812731386527
2.3839639327939883,-14.430765419043581
1.961853830422441,-13.040607936854359
-7.673764830097353,-0.6843299129375102
-4.664410145624378,-9.581243345217047
-8.622186026542405,0.4762798386619962
-3.1692271027159933,-7.548990405423213
1.0928904993567048,-12.896199684227351
-8.484200140211136,0.9497151083487159
-9.320267699305226,1.7353854926930568
-8.513230152475359,0.10088495106665418
-7.8075583801531065,1.5161604587651594
-4.776163177578032,-9.281003551959344
-8.91961835564279,-0.9099694315658791
-9.182585146440898,0.8970188562859093
-8.862278580675701,-2.19180268401191
1.0799671379100273,-14.437983483977204
-7.4325658999086,-0.6935167516195069
-8.605925447940066,0.9945167352299945
2.2776938765157984,-12.654512785035616
-8.32178133379301,0.7866379820976475
1.0930326261217584,-14.461274434513019
-3.1809286691954544,-8.737144295796318
-7.848065793801462,-0.6222163649006602
-3.758226820499622,-8.40582602234448
-7.862674352771814,0.3610664751745097
1.1998432444794913,-15.195493771680317
-7.993472332530551,1.9204255916729758
-3.15318744959115,-7.2077841803697105
-7.805918509037618,0.797455249684396
-8.797209564814223,-2.1237706367196214
-9.243791297032828,1.8741295319043318
3.6043632234461134,-14.283630191002546
-9.513197208996349,2.957085390028924
-6.822711288219805,-0.46720850882468046
-4.4227300059564,-8.121197420288212
-2.7684030171814458,-8.177923249597312
-8.590368186869295,0.8979032499002206
-8.834947365491356,1.3358753467895124
-8.067071748261293,-0.5190557050879816
-9.673453490420483,0.5214434632825199
-3.6312413019476546,-8.186557653571917
2.633389314679957,-14.247615428589762
0.8995738267321817,-12.834566608707393
3.8549435480378076,-13.951661646439124
-5.862024825783569,-7.153021125559625
-7.528975102042142,0.582078026328992
-2.4003121367709763,-8.036685580007683
-8.325750746774496,1.5103170990243773
-8.502732404763533,-0.17267666358787392
-3.8373765703820246,-8.79988127388665
-4.4135569252837765,-8.52861353868644
1.4824978505453088,-13.717164893259
0.44740549210585545,-11.835530125829134
-4.578487199328177,-8.258460820556488
-8.521304744307187,0.388034673789264
3.619732179222922,-13.31288435315865
3.8109977847815144,-15.037658614915674
0.7704155274540435,-14.067505876330708
4.264464200656335,-12.805654522999705
-8.586416102770674,0.3661139138623119
-5.438794696070513,0.9335169446162682
1.5697702153345388,-13.433147768988254
-5.23670864971785,-9.3750887115827
-9.897091984001714,0.01072034383613274
-3.656980053972873,-9.087536706898492
1.0292055344298325,-13.630397169521643
-8.606279350755107,2.918661779172301
-7.202657815005367,0.7851990258602028
-4.051778513466013,-7.83579259986548
-3.2892572902839334,-7.92405549680217
2.4890703847380884,-14.196955837621669
0.5588608572540301,-11.898268414896826
-2.6175839654162427,-8.263649529316915
-8.03396864409468,0.18362771815117707
-8.684872422160366,0.9298453712376442
-8.474723661681626,0.5973621565615399
1.1933356206372738,-14.016392578331558
0.5912524467791456,-13.80075288009458
-0.9106471533647724,-14.13652215808523
-3.6590087954724035,-8.017991072660726
-9.04218307568423,2.2076511707199806
-4.407205865447873,-7.075110486708232
-6.6269354017896065,0.05561048092767118
-4.938777468641781,-7.416295657492355
-0.6598834926841475,-6.568366005583904
-1.8136120002072094,-8.654733225111299
0.7082173638362035,-13.493264540713625
-5.739809107214375,-6.2127438869870755
3.037043649249248,-12.592895904020834
0.4151189376848281,-11.785472289827311
-4.674205874685101,-8.918594014692937
-4.107175310613399,-8.020474507744629
-7.651247424211783,-0.9141676318751288
-3.6753573545260565,-8.941849408318172
-2.4736059447713545,-7.783223375291064
-9.947244556058072,1.366971379933922
-8.635690744287064,0.8197846918606015
-5.58026595833018,-7.609226616169288
-5.52601650998806,-8.563660012702158
0.6358736286213225,-12.536385574549275
-7.831855936812422,2.6058086019133757
-4.265648552739817,-9.276558650085883
2.2589237877878015,-12.723785811458654
2.391239789242416,-12.84882306319596
-5.4145525176074365,-7.9196507408134105
-3.5224996681038414,-8.648239792588528
-7.860908800598411,-0.819268728093379
-3.7047626640845075,-7.018934020989706
-7.724729834308829,-0.3323364767096433
-3.056267462169603,-7.098683732729931
-4.2201146878004385,-9.739383624318595
-3.2397909431912777,-8.165097068307476
-9.699421462411559,1.2622052381866644
1.7897185328287089,-13.104268466747982
-6.978165667131752,0.514471445133498
-8.869490281541651,-1.554962037015137
-8.390025025075564,0.19215906789262605
-3.848230375804945,-8.357822040305637
1.1551718514704006,-14.513350327027641
-8.347139761037397,0.7478345249485601
-0.4780225318057971,-15.177208137282882
-4.973094378223693,-11.390523111208255
-7.796359127112713,-0.08577353186518488
-0.860687018838024,-12.413551967645407
-5.541694049438305,-6.780309721044487
-7.050064194045731,-0.574804569006292
-4.210897805618577,-8.77475673977601
-9.417879065312071,1.325018115460753
0.8650351343286373,-14.244255351862318
-7.8520258971804635,1.1884792542952947
2.6585853264026067,-12.578624537790269
2.199722131099156,-12.888437959747584
1.0122567186359002,-13.906827914060102
0.98673524784352,-12.315993741671857
2.1874493930641767,-13.645849597815129
-4.529933696174252,-7.3714853147125226
-7.436488847848481,1.4052734118966717
-2.4993888458950693,-8.196417874845919
2.3524906602745785,-12.645541461913679
-8.19032653199195,-0.30694975607209396
-9.673319461338497,-1.0600535254882193
-4.2608944841316445,-8.809471010790945
-9.91894135172709,1.2928231822160974
-8.528788764306414,-0.24414148287305792
1.8688841025745908,-15.135509829473092
-7.859479742779777,1.1665633569381635
-4.275465630790433,-8.469028588082102
2.316725127759582,-12.392913590627153
-8.65028647090086,1.9818228095013226
-0.6188168460646022,-14.343734824176334
-7.917255255438755,2.066835445346717
-2.832556207202468,-9.134309567554665
0.5263866363832348,-12.628852049618203
-6.154878883592293,1.5383621305587634
-5.984331584581424,-9.382357051394008
-8.424822375382703,0.7267333493932491
-3.326472371448681,-7.418657350161281
-7.2701146009904605,0.40238768201522246
-9.273042791077609,1.0176428165752036
-4.866276130207387,-7.959054142032582
-3.4360331767927215,-8.42667457524195
2.262226482724798,-13.555562342913928
-8.369572366719101,0.3145891676746447
-3.331617161905657,-7.284735949333397
1.268298890712896,-12.03727437661142
-8.700069311693849,-0.1664235804606382
0.04317014513976081,-13.432158907597866
2.707434495479638,-14.046584738691891
-2.7536113161344353,-7.392313074505329
-5.619925566376355,-7.789663772664778
1.7928868882270215,-13.658442613332236
-8.3350307644872,-1.0865269439003198
3.03283464741623,-12.789900261640064
3.2065328154712347,-13.820648204948174
-9.048299961633216,1.699250289894199
2.3373000968848103,-13.387701317435257
2.771221556848146,-13.41233499054909
-4.933863068202813,-9.319657734593836
-6.036771119825689,-7.72552431568007
-7.496464796657239,1.7710796651829657
-6.81272946001398,1.653029431563401
-5.704961753390291,-7.29317493964525
-7.067700230746164,0.9169209956018549
-3.952155714116409,-8.29084421136562
-3.63706555321421,-8.572302861805694
-2.8577792515359404,-8.665840794618932
-6.932895107655371,0.5441457535906585
1.5639683451291855,-13.253115062631926
-3.88005797393349,-7.345198806545851
-0.0642518089562425,-13.491008461049374
-5.4645814088663425,-7.4156499343723885
-4.184957259335109,-8.1177318124522
-3.4894483360540574,-9.447722777852583
-3.780714266862484,-7.8361378194660825
0.846681679809467,-13.922521436249536
-8.668586845146086,0.4634933534021308
-8.504807267122132,1.2431312224272433
-8.824153981687825,1.0847742973500125
-8.887172794970873,0.42696139107140796
-8.291790305010187,-1.099604439888914
2.175907757168975,-14.25155788905465
-3.6981866342746916,-7.420755438692285
-8.41263133484436,0.17140738946256429
-0.6731629090983939,-13.145195811252812
-4.379260928377199,-7.820284330836722
1.4233035974293209,-14.07896108067882
-9.170399881474218,-1.0698562205135624
1.4322734850047611,-13.071209072839887
3.9044143663921815,-13.142295892986207
2.343691442229635,-12.85984246636148
2.7402651126113655,-13.873321815347083
-4.028834289345539,-7.624273872637121
-3.5058578291958775,-9.354549688735254
0.5552939181612434,-13.87712733813602
0.4305975261378616,-13.657917452118681
-3.633631119131187,-7.30606284317917
-9.299754864218627,1.7309576806759386
-5.0897857572084435,-8.877813709840018
-9.915731543454951,0.7536750237615004
-9.38142658650668,3.2599768047344955
-7.761406813145269,0.4091162011578019
-9.030099176976726,1.2486336765212602
-3.4497016551417548,-7.801928588854565
-3.235254438719888,-8.426121170726347
-3.624653056727651,-8.50299339197071
1.2497112858424453,-12.96707432901486
-4.139823843864266,-7.024495345114025
-0.7069153466234095,-14.019276095339572
-7.701366669142252,1.1330371413567142
-5.550535793861984,-8.816695218399806
-2.848259572113111,-8.257586261894257
-5.27679262332709,-6.861423270982048
-3.372342663008209,-7.635676439353252
1.200801381261787,-13.236539514112991
1.6289432970020987,-14.194245933949029
-3.1336961996420047,-6.337640232521787
-7.955094805279793,1.7637342099758424
-8.173819366932044,0.652026767054539
-7.888662085627101,1.3227112516002464
-4.262475502543619,-9.652184882463441
-8.9406960494443,-1.0602236874464228
-2.8217335295801993,-8.643173795278509
-9.26882030615318,-0.2217979898919934
2.595000933499546,-12.850911788447483
-8.85983730069976,2.663352366798912
-4.016515602927981,-10.298175346662376
-8.173596133501139,0.28287353980258645
-8.309710404987563,1.4001349732829884
-7.472707460517194,0.40820991528812184
-8.714092937892023,0.6423560722765632
-8.849343556539898,2.248784124554935
-3.9241241471031443,-9.222458456087624
-7.976153019606955,1.819777158532052
-3.9466722197106727,-6.8574344003039975
0.8901085486212013,-14.937246984764498
-8.992400223976496,-0.42287720091768977
1.8329670951582397,-13.184666657675175
1.9484301550270666,-15.335213969793957
3.031304114961262,-15.095279993408061
2.6967048401634663,-13.798201828697097
-7.407857713237623,-0.5023003521464684
0.5334468204033388,-12.95021272211316
-5.703934480714793,-8.212935576634537
-3.2892727351129993,-7.984371406718967
2.4396870125611683,-14.242749963132558
-1.800778421631172,-7.8022803838451695
1.3200291128624109,-13.624143469438025
-7.935532286269919,2.355254835604157
-7.358796597574509,0.2769443564002546
-8.137659200574126,0.028771256814825508
-3.7201352582014895,-7.632831676474705
-6.2662823926266755,-0.11441768200495617
-3.274845067321208,-6.730004532031684
-4.433521537198342,-10.726814480371646
0.7723774715359285,-14.372005771441897
1.5246022975583884,-15.347659781065264
0.8953857046117665,-13.434053092818619
-7.962839743312878,0.22095310740494656
-7.738503462193084,-0.12231368904265916
-8.538625101891805,0.2492937773292352
2.62710072867206,-11.74016270579696
-3.689841304640421,-7.827419595787982
0.8296083844531862,-13.64563995775169
-8.659343585082661,0.027685199223603907
-8.730283072143898,-0.2587538084553138
-2.7263283157147775,-8.814344465823943
-4.527586224486176,-8.33438972977036
1.4571717226230905,-13.553902548103151
-8.090526461935234,0.13045674430734688
-9.253964522538,-0.19545399609521197
-6.482006520972496,-8.6068883384182
-9.662533574154358,0.6759623441538429
-1.0755694465531174,-14.48131518830828
2.534667940799495,-13.99585362191471
-3.777684754511391,-7.569340435435321
-6.990967588334145,0.41767938592429893
1.9163141888618258,-14.171965860713737
1.2981752410423992,-14.450276434484314
-7.545406707467484,0.4370954521333265
-3.601962246341757,-7.4118234163283265
-2.944298965938078,-7.801354364948448
0.9509600758750477,-10.203643567637075
-8.299766439885166,-1.553197414557824
-7.516744489201116,2.1716668802430306
-3.2136680256889676,-7.565119152741796
-9.07393919863001,-0.45368924138552824
1.9210424470871363,-12.164081295184847
-3.1862628180054386,-8.472551755156816
0.8602138988236606,-12.994900121086218
-8.086021356264075,-0.8348411659067168
1.8876335502425379,-12.561856790357144
-3.3728045545463154,-9.60852714325952
0.019431233896189504,-14.02747320152438
-2.459868373626236,-10.194152476664
-3.96779210451877,-9.344828685852862
1.6414256742886653,-14.842810297274632
-2.345782195881073,-9.208773139795502
-4.936098108775651,-8.243553405814609
-3.760672812100511,-8.36279627096459
0.7952472581861156,-13.217791310971956
-9.140966223568405,0.8992845955659667
-9.20984637630079,-0.042616753522006334
-7.449642036356879,1.341367539286379
1.1517169881917233,-14.955381684107216
-5.65439003850889,-6.926128061162457
-4.55128888576554,-7.806198186923277
-0.4414755293334027,-12.336457800161162
0.6942154299880301,-13.450621121708794
-4.833491939125831,-9.56945789685726
-5.100564574331974,-8.619597204705537
-8.856930380577868,0.3248868954912336
-4.11939790579359,-6.8163142691098315
-8.321345560123028,3.016544260463911
-7.988421673485928,0.5583836695339025
-0.40246381479275417,-12.81492101956647
-9.088164727374725,0.8136438057851972
-8.473051058480568,0.47382821958135857
-5.324752586956965,-8.21230862917223
-4.2881829928694035,-8.653132111742154
-3.5184776307131393,-7.098106923818757
-4.501450719243706,-7.143553546132459
-8.318175712023383,1.592840726010766
-7.949286812989224,-0.19292596610803958
1.5415479485605714,-13.661579738483514
-0.5024219287143921,-14.664269835921651
-8.895045492532791,-0.13667193152875623
-8.089992151812352,0.905343381728082
-5.850261708048008,-9.307700506844746
1.8268707750388002,-14.027341781732687
-3.4113399248873417,-7.273034376245728
-9.787741150610689,1.1100818737953475
2.0267130800598796,-11.864450231485534
-3.720469028104619,-7.195903442825635
-3.218031515463221,-9.162712041358759
-3.766703829785269,-7.355080014059778
-4.970846275664908,-8.802301083437612
-10.136039040595042,1.500281394541604
-4.972345892305763,-6.857428719528464
-8.99493337880203,1.9431444544890601
-5.642046962480656,-7.6522837575894265
-6.69850519575971,-0.11395395419300014
1.9391930935725838,-13.840701736197735
-7.944421413635049,0.007816120577814667
-8.516791038697425,2.601999410887788
1.587904781493378,-13.877636319941614
-3.4390225943430512,-8.842660845896027
1.9384946096262539,-12.928970445272421
-7.659768852051918,0.7145325629898452
-8.049924364812645,0.4725382989459959
-8.180426470689188,-0.38818176485867006
-6.99164780486387,0.25331140049970097
-7.5245166246635184,-0.4083737128493372
1.4742946827120904,-14.886907129852558
-4.396047616043127,-7.491788819487853
2.136456293592915,-13.052331902416261
1.174857641615771,-13.599892665178638
-10.600647779725401,-1.276226613460167
-8.83309366864921,0.2370174516423862
-3.731106241959549,-9.419248330403342
3.11312582014684,-12.761107932776119
-5.951936995765516,-9.723295823396612
-1.2461330783066673,-8.006229896571062
2.044661383628271,-15.614287050745476
2.7627010493047077,-13.897299051308496
1.8877056283540048,-14.284800517059615
-8.754621130497744,2.502473774684959
-4.855100529157195,-7.76267566860477
-5.37510740607782,-7.036470452152107
1.83993880668673,-13.557634612656063
-2.4176589000086257,-9.087228599035344
-4.85516490762973,-8.076868751106819
-9.207294454652207,1.4505499575804213
-7.279826707483705,0.7105182520482439
1.28785026831893,-14.171909607366496
1.4574397426729613,-14.309204255723184
1.1771686402853248,-14.092611769386489
-10.077752424071615,0.3323646321596774
-4.971230503564759,-8.852202163979923
-9.872417665554273,2.0545087432795013
-4.955202070505201,-8.947652006724987
0.9247170941495565,-12.816472764559453
-5.201923763929282,-8.318162898051439
2.4811153694612296,-13.072405819029617
1.308574843154758,-12.572338080048944
-4.309707670932469,-8.452066684716634
-1.5962230950102647,-7.93796761319561
-4.534895628840391,-7.131735895507955
0.5934675920461895,-13.849120170595356
-3.9061817957090033,-9.285177649276342
-5.243511008801456,0.6496624828762277
-3.818278909433741,-7.622805908598236
-8.939783511123654,-0.14716969698883264
0.9639377171473535,-14.655794056367126
-5.195629814700625,-7.50942691976756
-7.780520528032701,2.3564245906450285
-0.37207218812985565,-11.56358621391091
0.5632967538275078,-12.775984484861645
-0.21945161243546019,-13.013733412089925
1.7297634916160787,-12.43346872190781
-1.1982283335324349,-13.05994105734021
-6.028701290373148,-10.224797434200795
4.113795039958607,-13.239749947964368
-9.802603694977508,1.095639294242535
-3.4059282257302885,-8.621534686812844
0.7871159203814226,-12.06615418876593
2.5724594419635736,-13.259473714265562
1.57000081897436,-13.682445365082632
1.3872163416418277,-13.836724257940556
1.4339199971959788,-13.501369740458447
-3.965048933962812,-8.736389467818803
1.8729371249555764,-14.645545196542873
-4.2204201357280695,-7.839923585805741
1.2614699173395088,-14.522483813450293
-7.56671751259618,1.567499285652308
-0.0010511585268557777,-13.739707936451445
1.1399637807214371,-12.02155768451842
-8.204777547107366,-0.26484849192414106
-9.532899399332194,1.4856254392718167
-6.346277398179586,-0.10039075568046296
2.4375885325840447,-13.282267284359829
-2.3448307161165265,-7.230400639314602
-9.197332167094741,1.6323841987236078
-4.737254615078232,-10.130307726288578
-9.622191914748267,-0.2400721908776845
1.126486671656004,-14.599593273042538
-6.900106712522124,0.751477911173963
1.1215382364964346,-11.203784814735066
2.393418817460738,-13.834365402340676
2.376288089412711,-13.985764349890252
-3.2518040641614294,-8.67809922829002
-3.863578995886887,-8.47611065447986
-3.8697268112681633,-7.512927307736032
-7.321597045179446,0.4811289946002391
-3.728262608050064,-8.896721490578583
2.160531244325108,-15.016598514289
-5.83445158480351,-8.241121429713917
1.4332092930839821,-13.193335409372121
-9.082406698014651,0.20547126166083934
-9.795901002239363,-1.6593731072774678
1.8272827072975297,-12.754976691760039
-4.621847306272501,-10.854708057983043
1.9393620431237404,-12.791077848984347
-2.5608284595171753,-7.798616238596008
1.0581731795507348,-13.609455901815348
-3.6085303063141128,-8.281590484398064
-8.553511659861924,0.8799474354787697
-8.35789266518774,-0.7951501728244883
-4.542367925283546,-9.617649562139974
-3.395939338792836,-7.918425047830579
-5.228824841399032,-8.305182156181639
1.8686753366897468,-13.355066496908746
-8.14027363101179,0.17823516047762222
2.2611683346611158,-12.475259568968728
-0.6493159143415115,-12.74720296908614
-7.764853177415005,2.237934677129928
1.098953316086404,-11.798300369967793
-3.813161816844685,-8.11193315838041
-8.194394695989192,1.0210385866556702
2.3265927957603627,-14.780460829089943
-7.635406866891907,0.8698183144307324
0.7803382608241133,-15.072940397224048
2.4573004903566553,-14.205678523416708
0.3251323342409347,-14.168409569500602
-10.548811097654694,1.167529775588399
-7.458596786185203,0.28045706726518693
-4.650999191520456,-6.3953019826030815
-7.771178271697401,0.6941578489550072
-6.01689282272128,0.8144357122988122
-5.018581261629288,-7.903310838896455
-6.747779305770345,1.2299946537899153
2.2705920495807743,-13.917166369138771
-3.363704636286406,-8.164443941903473
-8.938943731604452,-0.5785737263223929
-8.409509040633491,1.8098318417847872
-8.380341885048095,0.3591605312635243
-7.528396057127767,-0.17102465552138668
-9.330261163548569,1.2822145571307977
-4.494740188555854,-8.492746895783574
-7.699057979575965,1.136920127868564
2.808572625885456,-13.005313931102915
-7.631235001664178,1.450514442278305
3.0765344942173614,-13.341033158212339
-5.287404807249911,-9.449084943898352
-8.25410485305658,-0.500552289121651
-8.411531687073461,1.4860951440415318
2.169361000056952,-14.406276368077462
-9.483228653351691,-0.008339834916646804
-7.41823516233443,-0.5658675625270511
1.0784340217199986,-13.790781937748502
1.5934379325776444,-14.21328551663976
-4.121426355794357,-10.267979362653104
-2.5955939469642164,-9.761718269445005
0.8085110737543394,-13.516270825860001
2.523512401355627,-12.941643196499466
-4.360852558354344,-9.620447834340021
-8.441751441519624,1.4829976201906026
-8.781619069708436,1.7434810958259035
-8.41477187975736,1.8321565334285748
1.1470239353598002,-11.182796887499338
-2.1486389018432437,-8.380429978401402
-8.358330757360061,1.1377143857157086
-7.986752326793577,0.26981643095470276
-6.971700666711537,0.955658531478402
-6.958561037170702,-7.558554545589147
0.23584230089460223,-13.864701614644972
-7.304658798710241,0.13629012363875004
3.5829291272036237,-13.794818508775995
-3.7948806507533486,-8.71356922283147
-4.574030447135015,-8.632833183780251
-4.434856417874324,-8.107814572471705
-8.734780176484863,2.8077150124686994
1.2725770472034958,-13.464678389661955
2.3407238725114916,-13.69954174344184
-9.073501809549317,-0.035490055301992784
-3.66141357401045,-7.698094626514336
3.2379742469410377,-14.50325332039178
-4.61596001866275,-7.65913728135837
-9.221420330872228,2.0312750564480293
0.677307994868988,-14.968168804812656
3.1501442203240186,-13.502998426678802
-8.268456357678112,1.7407194669111157
-3.840709138372556,-7.745720102653281
-9.885058723757574,-0.5296670727460318
-7.810366991030345,0.4271557033747835
-9.300554520761395,-0.10946056018196071
1.2036773376443732,-14.613796638188765
2.5520877987605814,-14.53004826199843
1.706593946734333,-11.012467839472576
2.9475960718729803,-13.626293026652194
-9.517521577671456,1.0102743115379966
1.2471712573888296,-12.734423058529881
1.8146820478324148,-13.815173346313179
1.48803253578169,-14.080809625688264
1.4175786341101864,-13.2067666552048
-5.6287579287194776,-9.415487630885778
-3.8990824488591116,-7.477861998834574
-3.728563322601672,-8.698454222737439
-7.535235101757591,0.42541593578736364
2.3726624916136503,-12.302772017351979
2.208437799364276,-14.552782609530974
-8.213699989255414,-0.616431087536909
-8.03861258033762,0.24863003742948087
-0.54729511780118,-13.482057141516885
-5.7752947921614695,-8.67146886543015
-3.7179756378420787,-7.4542442109042995
-9.300726449767858,0.8726979154577788
-9.313385434417002,1.3572614392786142
-0.26453173966841637,-11.6470277914651
-8.22599282110516,0.04086642038369204
2.1332742465642736,-12.124579566870107
-7.4710330472146556,0.27784802707555506
-8.739756416875169,1.1857479599888545
-7.171320636314467,-1.0455422328735666
-0.43407659842334767,-13.442133732839473
-4.024169418618662,-9.37429613235336
-8.669109213466983,1.7901301028930885
-6.741839070929688,2.1563205050365815
-2.6974632741927826,-7.275083756145961
-4.942342226806982,-6.743059491424791
3.430810702815441,-12.665680411071191
-3.2113005623172457,-5.946917495996054
-6.8990556198500865,1.1451875992312939
-4.966074640309162,-8.63561586281472
-9.192253875760109,0.8958013551269548
-3.6213357808088897,-9.200586618603058
-0.357545196415342,-13.693552726398691
-4.147384526568331,-9.564061290479989
-4.1505703081066585,-8.031104017653892
-7.102378054411462,1.4801209109488782
-0.6038039870729959,-13.815590515054378
0.6259786319697778,-14.403847674731267
0.7866386683375167,-12.59663474530034
-8.33776086815072,1.1520175686189447
-4.812819875522405,-5.120348363116575
0.4566927106593275,-11.616872201416687
-5.117843338575314,-9.785072180400917
-6.159359012207162,-0.9444767486314798
-7.349574821494559,-0.508067029305193
0.13461816673778548,-12.896547054528051
0.050916978987077144,-11.529991855002418
-2.7134806132240366,-7.441254466722372
-8.960828781037462,-0.09610647154165175
-8.584518285809636,0.029792105761401566
2.938068223673619,-14.260853553823349
2.0957693094572507,-11.92077248860674
0.995998624635818,-13.56990254007392
-2.9353986840215076,-6.73212206872509
-4.549774328189987,-8.285957576654205
2.867978316489109,-13.079961226472596
-5.13776642786269,-8.360173829662246
0.8091217359057443,-13.237276750947348
-9.293783416081599,2.159827378958574
-0.1291152945066003,-12.681859528695169
-2.34519244847636,-8.228143140515222
-6.04607903238341,2.1737799530855253
-5.103958348763956,-7.007504633197577
2.443755152615564,-14.038258508043162
-3.9038018306197717,-7.800633506231236
2.006215607443462,-13.286723661327436
-7.815557559425314,0.12971726552692486
-2.14804751323952,-9.17297337863992
-8.847765201425842,-1.1101734371668956
1.4404725111845442,-13.01126686431266
-3.0401526222933213,-7.741077731833227
-4.616720624179217,-8.541091684578678
-4.164058738984399,-7.702150499538786
-2.60365548093123,-6.516971622644823
2.528046534355529,-14.099493237053606
0.812182733055045,-12.091048126168687
-8.580244642051444,0.33487824016082623
-4.743756161912507,-8.716690218324652
-8.876304924034441,0.7644826080477961
2.069272151812627,-13.172318166170074
-5.293017947076123,-9.380391284652521
3.6917257727937782,-12.5048789315407
-5.340800329983635,-7.911610661438038
-3.960877495687792,-8.917282295416129
-10.252136440847822,1.93826783643201
-0.3084524655623442,-12.13761164717998
-10.4141082461852,0.27845243172248774
2.2432308516653663,-16.20616565069746
1.3957817087283184,-12.650047899336771
-4.1452991423839025,-9.680860350627457
-9.370173291847244,0.9750772702404837
-3.601244106954841,-7.6871546624726435
-0.03802337143752643,-14.611502487671585
0.3892906535870937,-14.91943933913348
2.058982957868582,-13.712117653479293
0.3927796284532299,-12.391301374359308
-4.904349863461362,-8.243244529206477
-5.123659775074536,-7.594657320849093
2.6863632552486316,-14.172393852306339
-3.225268161295306,-7.8147342315679245
-4.992770582238078,-7.3668258871501715
-9.155314321796725,0.5841011239115207
-7.984160395791144,0.9172281599241323
-4.79076005909986,-8.195007918711191
-5.144543594794159,-7.610567039930251
-6.600433337818141,1.403579102312992
-3.469606388202166,-6.723172950847921
-7.38295501903991,0.5961404962931509
-5.073564576727454,-7.688782577988891
-4.830808860146315,-8.60679895183984
-8.414967169060285,0.7805179705058656
-6.139244404055435,-8.636882812260904
-7.955955899654677,1.4085056636750863
2.984953088953345,-12.915652204250888
0.6240482940556862,-11.255506518923909
-8.258606992238736,0.5466399271053839
-7.838700667390099,1.8028745579001186
-5.265555301859848,-7.565788734308127
-4.867161326400186,-9.669262656806767
-7.420243937061232,2.0673386194591084
-4.514463819381367,-8.848717830379927
-5.784967522561601,0.06411072038159071
-4.252601223184961,-8.468055283809809
2.30686049485888,-12.706571153545086
-9.513243939029536,0.07213868132348322
1.7702372966923237,-14.059501710950137
-2.3051663199319155,-7.381525868641452
-4.626286142494314,-9.309670560460251
1.0992962902377779,-13.038255198211589
-6.028483604855827,-10.05017193529183
-2.759257866874539,-7.8243561455244715
-4.187562254565797,-8.395281904241893
-3.1722668557405105,-7.580133571048382
-4.112305613519129,-7.949321826719423
-3.8352371835926156,-7.472281499331706
0.14137403713199026,-12.478058201012281
-7.280579760709123,0.603919895116968
-4.122919015992715,-7.209033500277741
-5.926356934821278,-8.711896405645312
-4.997214930636103,-7.388018842941124
-4.015052065833218,-7.6007251969701946
-8.18607813761585,0.8830793479226655
1.449966683469332,-13.607654293815543
0.3381689317957608,-12.38867705110271
-2.9038631586202257,-8.862530260797111
-4.343709436704235,-7.578956963710008
-2.8565202795388167,-8.733321007936619
-3.605997791002542,-9.48259486735341
-2.766875207335212,-7.193224311186901
-8.9315170199357,0.9975643624664161
-3.71076273787929,-9.15971046716619
1.034817329231714,-11.565659533121707
-2.8078000877224416,-8.936608131963446
-7.337623363381177,1.3767488593307484
-9.765688287150564,0.7594563319165539
-3.2840627258579795,-6.080925476509407
-6.495734764301136,-0.12640083730670404
2.717440685779745,-12.955846029368244
0.3335548971137907,-14.038083302823338
1.000110523643927,-14.356179202293989
1.0980334325176402,-12.747303235910348
-4.983985204041314,-8.787023427054422
-8.340977053082778,-0.10629661905947729
-4.102211030263571,-9.104778516827368
0.15894625867765289,-15.92856438847625
2.663489425169862,-14.035732146942275
-7.585709969166886,0.825440223137935
-8.928741755887302,0.193432259120067
0.9327514667009655,-13.122103138582617
1.4018117299132018,-12.210954295311552
-8.83481084449906,-1.3299426652748423
-8.852005252346062,1.856099591274705
2.0338408135701185,-12.801623095320656
-3.1628790865362024,-7.758907539706488
-6.3744267720955445,-0.21052228638876247
-3.7492499127217567,-9.502438528103218
-8.976723370411781,0.9379841458894457
1.7781730088967092,-15.818297812537363
-8.219189929791975,-0.18932007520032712
0.8188162491474316,-14.257868474018373
-3.054948413687318,-6.946794123706098
-4.389815879006368,-8.785925455099635
-2.3363758492747575,-9.202284291848223
2.0067743343632922,-11.901877592324546
-3.1601115190651186,-8.291023195892825
-7.777558655516163,1.2015293158917035
-9.258125381226867,-0.052491682570383724
-7.680917670346878,-0.5447712516242629
-7.909610196403675,0.5835594501593968
-4.3357079767558995,-9.840919236397541
-3.698095290480215,-8.068992429885672
3.046470559806166,-15.735048261884643
0.8666861857245575,-15.657747360678615
-4.076310313733247,-9.278388789582909
-4.023313124348339,-8.871897437386023
1.9315973783189166,-14.839851227015494
0.5545555628074893,-16.031458003236892
-3.163726325568933,-7.70089129747828
-9.833642530045204,0.15577034764184916
-9.63944219217723,1.2746068138004247
-6.431978158238899,-0.6243718947781249
1.9270145025754766,-13.769067796688956
-5.027751115017017,-6.379939818534323
-7.900122617171259,0.5668628352241198
-7.102438040977969,2.7732337796159165
3.2979513867245718,-13.065428952379984
-3.9354660543509183,-9.904911450101606
0.9596680601170944,-13.804476102814453
-5.169315176920382,-7.714122175787984
0.46734463086296785,-14.116097802174709
-8.040177777840999,-0.3212114414400753
1.2334059567461453,-13.784646508230423
-3.5575256102102406,-9.472553182175172
-3.541214791663453,-7.266069239086042
1.5353882069683407,-12.77887334066174
1.0965925662149472,-13.292367476962173
0.31982990728278726,-14.32900178291156
-0.46303274497184277,-12.841227217598108
-9.915114962752728,1.2406779470170137
-2.0903051016992933,-8.383304064225356
-4.230082387615647,-6.330110683414559
0.9071921715278624,-12.586599517964482
2.4613858030978184,-13.46211129752116
-3.507987599267734,-8.356105838671272
-6.948446487546966,2.598254157269432
-2.3497450574654453,-9.186820960185715
-9.33558324080487,2.1166313920090376
0.7162499030499138,-11.911950799703897
3.022279453547255,-15.651436599868388
-8.994421193478981,0.5315509686155541
-3.5000826226713113,-10.08774343626092
-4.70100519877156,-10.28277081178996
3.6717732106202403,-13.370619429645261
2.2133476550252986,-14.44912168323385
2.5638110662594626,-14.796408069831966
-8.04985554702653,0.2299325517394058
-3.5370491677925195,-11.043441547510199
1.231778093092106,-13.187097309120434
-7.785288911598109,0.5489408605670902
2.459634886714301,-13.352658102024266
2.6510691901818078,-13.868051739147953
2.249795963753933,-12.605820641661744
-4.7351930081073395,-9.971511900100916
-4.911442920474385,-7.197792604229337
2.208327631168569,-13.699132896180581
0.43882777394910066,-13.54651354948524
-4.330030151393982,-8.274996835312916
-5.011837245331507,-6.537112723221489
-0.08716002284029578,-13.181776943579415
3.9776815971738095,-13.706535550072584
-3.803978042389685,-8.216440655245005
-7.299501497449693,3.3757037309285933
-10.555141949044929,-0.31086645767634047
-0.2422873121621143,-14.793794310248863
0.08153858723412966,-12.422623600842762
-4.544324300730208,-8.718855526148946
-5.222019063011665,-9.177674291496814
3.1939555706978875,-15.971685018491495
0.6124621896933069,-13.733622829130958
1.7044723032151616,-13.196535041220452
1.737994162760544,-15.200425055471595
-8.49761066514268,0.4173811307552767
1.2411677930362621,-14.302116018110462
1.9348975695414845,-12.9950168895857
0.605173616136945,-12.338711732966292
-4.891275424355416,-9.346936508410398
2.192146430548725,-13.572296781312785
-5.188624736981035,-6.750359050548857
0.2958071911333011,-13.8082905242248
1.4104329108376252,-13.356551089327827
0.9164116407290928,-13.664323255801508
2.1626089980759473,-15.274380332115106
-4.8943607219062875,-8.795976782443075
-8.94201394595467,0.197813781924702
-4.713718222745001,-7.7199874433394164
-2.60249681610003,-8.494732861374292
-2.8563352197144276,-6.954713730006022
-2.696619141078613,-7.474939817457686
-10.30997831049642,1.029787359813589
-6.5773037276456865,2.5554593076264913
-7.785293524981865,1.8077465873753407
-5.907077069129257,-8.539325531682064
-7.528175680128118,1.0712738247168618
-3.388080277760191,-7.662608397343292
1.0543475590685532,-13.821641579896498
3.450770226966266,-11.735108201947618
-4.510774897230793,-8.229815926882235
-5.311236034777549,-8.594995628300145
4.7335095814836095,-14.043016303803139
-9.225892815901663,0.741708582994316
-3.660096485294408,-10.034158593319235
0.535738225268708,-14.331110303182353
-8.631909109295686,-0.7773530979277701
0.9580463788967263,-14.636060300628458
-5.17393325205909,-8.287822134911034
-3.7970401597450136,-8.377193895875568
-8.627353246450289,0.14559362653246843
-3.83422656751451,-7.24634138550323
-6.128505704122856,1.186263073399189
-7.1750401046629495,-8.679666974807528
1.143358502850164,-13.494181558919308
1.5201278137736094,-13.60878369921667
1.3621700376057473,-13.840519658046711
-6.6580901196318365,-0.39382083652730837
-3.957150422127781,-6.532662887161603
-6.833354353072064,-0.7343160879775117
-5.491594839884648,-6.761401477130666
-8.643986794723158,0.7647512845244085
1.8870301154564646,-14.512757547862144
2.1376508644073624,-13.291171016414994
-8.983520890248416,1.3097720001743582
1.6234703958315815,-11.802263007006964
-1.2916434737867313,-11.676310129280454
-7.197445363965241,1.6691586130787135
-9.122164241483741,0.08271590836505671
0.49559222014695026,-12.280350556316286
2.2032146738631804,-14.044338221462146
2.1155134515539133,-12.75649132025628
-4.305330703984784,-7.829063036377009
-7.985171590168442,0.866859279651733
-8.602414536282106,-0.24257826985227704
-1.0482484728317734,-13.609857557041577
-6.708711286799693,1.1500478099719116
-7.846172490513484,-0.3474612490344482
1.829277607605102,-15.656666114279743
-5.509127534017976,-6.472488819178096
1.4293888153233358,-13.69904200208931
-4.34513113071529,-8.552298959422231
-9.090034268859561,2.005250884800008
-4.733108241028061,-9.733885266548533
-3.002435558826816,-7.42038926021406
-8.181632070356116,-0.30103893385752534
-4.490277505352469,-8.364942125604555
-9.549664590442983,0.8079925253504299
0.04628323451629002,-13.64572994854812
-4.590290372441408,-7.494354659739604
-5.331367858141089,-9.399954135858714
-4.8773456809564415,-6.928764992176681
-6.345876269904651,0.25654442970874686
-6.867449408847065,1.5282957717189616
-4.030253126610102,-7.434646750846905
-3.2080443397843843,-7.95603267717074
-4.708619270019326,-9.595661001341476
2.0165602243767062,-12.63783024621336
-4.193996988818259,-8.317521452585732
-5.418055901794521,-7.920681054080963
3.1518409889712204,-14.675509413821187
-7.66548366880766,0.22382846034797743
1.3903631600799022,-11.45311373646261
-8.73482303666371,2.193276482757372
-5.169043397978562,-9.388303458107016
-5.409554367038431,-8.050518172046846
-7.555022189491037,0.48499198876835237
-4.544241451998612,-7.923779706388835
-8.25218308288187,-0.062430296422571474
-8.21889118308664,-1.4116763265005154
2.1464608012101984,-13.585534782139511
-7.618771206304826,0.6469886923981991
1.0635452838630477,-15.256017441688602
-1.6440201004393296,-9.133290743310551
-9.745913019782332,-0.5869051765886115
-8.705701545181308,-0.2893702398910609
-2.957351980460432,-8.66456733410529
0.9668686477281367,-13.50262333030789
0.16469302575611477,-13.891246346823939
2.932771832583981,-13.92981366742821
-9.640113587488058,0.23328670265822993
1.1831997733679243,-13.35344654393834
-2.9027159423771454,-7.527735427549397
0.7717989255369754,-14.211086497192136
-9.28600451839398,0.8067716453976412
-3.7600004509868694,-7.294271806709687
1.3704690291190023,-13.518354490087352
1.0949087252191303,-12.65714824674023
0.6197401411715938,-12.847016630639478
-7.897893821471631,3.668327396548096
1.556067682107622,-14.550062556508296
-5.263270056759076,-7.567130423933497
1.2943694580503273,-13.113763462506103
-2.5416543689754363,-7.005220266013697
1.1874908981548467,-13.336792983839514
-8.024926153252354,2.307161427980892
-2.5186853493639303,-8.612598252861467
-3.628008179822408,-10.21565773237447
-9.229542481488652,1.2872087144912707
-3.730118055346612,-8.384119947510989
-5.402696570005747,-7.604906469811617
2.5291725942812944,-13.014747724344327
1.225953970433307,-12.020912676540979
-9.243995890550655,0.6509661221831812
-4.3076658699181065,-9.349709157996022
-4.931318356961357,-7.71808818778706
-8.19967184957124,-1.392585157242387
-6.221070995081883,0.3337340995914128
-8.72819174960756,1.1484155899040591
-8.22042668447883,2.2509969924947804
-8.241768947170055,1.097901698218349
-3.461747370732795,-9.593854282491792
-7.840934106733524,2.8365176960489893
-3.4932854942174094,-7.878984911597037
-3.899755688999626,-7.930175002077979
-8.142126434196069,1.8888859572586818
-6.992649563803597,1.6054209841247427
1.786538001257981,-14.192005232221515
-8.651678983594268,-0.24102430490430882
-3.7461274805853195,-8.100296378186348
1.4823752307241087,-13.62866444318769
-2.9804385329313026,-8.78374778563486
0.5989016269489795,-13.745660033933339
-6.430982710266466,-8.596921483810743
-4.578104415399128,-6.178112178829599
-5.387358826820119,-8.243010391779713
-4.728096190176278,-6.949168796759791
4.3992392934674776,-12.801516983948755
-8.441417259728489,1.3334704065180931
-10.268712981544613,-2.0134591257960333
-8.160491861208525,1.449080179359463
0.39661655331840384,-15.042383434248823
0.8436607014435997,-15.025586533487973
-7.320672260375142,0.4440694669370844
-7.2706753235380726,0.6814323997441053
-4.8833842916179275,-7.040959209115966
-8.274973776003499,1.567499598177409
-9.365094995292525,0.7102707528604086
2.485477523292477,-13.085224048607227
-4.084131586642646,-8.756791863207116
-3.918361638552902,-6.630237583599163
-4.906050107372968,-7.419552446511192
2.672658726844321,-13.814639326544237
-7.587545058401533,0.49515913328073713
-3.90884950502443,-8.965333086573626
-2.981120713266243,-8.47568444114387
-8.22235733776322,1.549902871992848
-5.46480619014379,-9.268718455715069
1.749697637227398,-11.752510607594338
-9.367342975748269,1.4835249435557036
-8.298210271025265,2.721498479278212
-8.572180534775361,-0.7568190964795676
0.16314842482980274,-12.951486098455328
-9.390491873981269,1.2749574862879216
-4.47804481462935,-7.124134356772127
-8.494881378534846,0.8946017530297821
-4.023404925692519,-9.612740384501153
-3.5784732843233376,-7.943339991382527
-3.3873532708595144,-8.624591642297542
-4.5321236090438966,-9.03356261323754
-4.006773272716441,-8.739762594367582
-4.406043250369337,-7.199400137525762
-8.675243103409649,0.2175055206494237
2.483801293838092,-13.097041508863205
-8.260781875670888,2.799160236162287
-4.794617974598212,-8.085752353643889
0.567877752091154,-14.068799961768576
-7.942339444216197,1.158452032969719
-1.0397998004976854,-11.656791462532055
-2.771351005000721,-9.115139866080737
-4.3318909360142355,-8.28777150590048
-9.680224089381296,1.5399982927565365
-2.986170881568968,-8.469052400321097
0.4816098883066562,-13.887582230362625
-0.04826197194753634,-14.0908372042886
-7.955057394478265,0.5645790363549205
-2.8609211645400827,-7.507352604000462
4.09564053468155,-12.754211059263737
-3.6801896690943776,-6.950696526421783
3.2061547561566477,-12.729103919988619
0.8668792079237669,-13.859925825762518
-0.29052025385917335,-13.493160616775864
1.4184488388246772,-14.008508015386399
1.2588141038420229,-13.984733704945489
-9.149692329500702,0.8159109298041094
-3.097177411034738,-5.292564783319097
0.35680134086887505,-13.956099526856415
-5.341556900256726,-8.240202489645265
2.262003595305742,-12.552761777817722
-4.915753104415286,-7.838540363800173
-8.061601412541602,0.37002163131147864
-7.18211260760212,0.6972381319970358
2.1385638416332893,-13.760936476384426
1.3216880554437174,-15.34943763390555
0.18340974231540152,-13.787862598432506
-5.596897509656103,-9.39031825168636
-3.161212825378972,-7.982561432215829
-0.32179205450570714,-14.088610600668868
-8.993168160048944,0.5418879328281563
2.1783363840595737,-15.673199702772724
-4.013798590523987,-8.708687094431255
1.2474457492862638,-12.484321934240123
-9.056200488449942,0.3864555613207785
-4.4025313734569025,-11.109763236011439
0.32055635878432875,-13.074472000949553
-8.849036075041894,0.4803852633290756
-7.115530008548265,2.034083706916937
1.423332240114534,-12.64015913553313
-3.8347605590989677,-9.880019585209453
0.25223572339014555,-15.214634300690614
-7.200068795305723,0.45340524831923534
-9.008806344413292,-0.1414552433724947
1.4103816990304943,-12.970203939441653
3.3098219653125964,-13.098193988458668
1.0510049386286144,-14.555659353980223
-3.92638606039701,-8.053194871531183
-2.6869260639398127,-8.499126727480165
-0.626966487278557,-13.424153542724468
-9.459186171523712,1.657321829981316
-8.129822270577453,-0.19081841145114486
0.0020749923743286214,-14.83518908057034
1.7802681100055764,-13.224762218318963
-9.042041547328722,2.323452933252911
2.485014990988107,-13.292747512767196
-9.24230545089548,0.25822231744478447
-2.4349154837992737,-8.323642063457555
-6.490152107773897,-0.4284042178123273
-8.894807076750588,0.4861751019914774
-5.06318504922356,-9.106665401044099
1.9778227153149182,-12.593587946891477
-6.339194219520661,1.5759433956270672
-6.965324120966865,1.5799249989823512
-8.99543172204647,0.6938288446745174
-9.166722776353936,-0.9032556087269341
-4.6534364376851665,-10.423518391854577
-8.867508837434569,0.8848591019381579
1.4015581910260377,-12.419657386415974
-3.109473048031507,-8.521659445731343
-3.255237962507283,-8.368600069899886
-4.472091918311718,-7.966107046741923
-8.061741328286711,0.25073143659341696
2.1855916293952324,-13.674650155553692
2.6436793592008403,-12.36724233284445
-3.005288798633785,-10.569259081668143
2.4922979220465242,-12.690646125678336
-9.934438976293022,-1.0672712703723006
-8.574606212616683,1.0746387551871968
-8.047030948626139,0.29276286614396735
-3.7059494945133307,-7.783472808901506
-2.749897577161696,-9.04976421270528
-8.470709311286429,1.088478726175594
-8.826191398978292,0.43934972573079056
-4.574983181525697,-8.443383263046593
1.0803140482172506,-15.54914490804865
-5.683476310440382,-7.448983446710862
-4.5135220750039124,-8.687577583169498
1.0749244727691534,-15.491929012537945
-9.564977594465082,0.7324834458621593
-3.925065202808652,-8.200451377717044
-2.6733701320246106,-9.819941418525428
-7.662461958357058,0.02473081931703236
-0.6039783607038824,-12.19851957719604
2.4485598699418336,-14.262752169042194
-4.192600510142046,-9.134964703006727
2.2423094283530114,-11.817938018401223
-4.295483547079697,-9.001270282558364
0.24488913469131757,-12.954085447024518
-7.187359938079997,2.310871938561436
-7.030971368116736,1.0516145969309432
-4.124421861225431,-7.1313525996766165
-7.02569966118444,1.2503648784574877
2.307180141454081,-13.934610781188704
1.8541825278604696,-13.342804456241186
-4.972743083532599,-8.601674487917714
-4.232991963890319,-7.9289024818659195
-7.261422499378475,0.3643247507477982
2.0640717425354667,-13.67092798641223
1.3889416079062908,-12.809490380881225
-10.440370973694531,0.5227562682157004
2.930435630517584,-13.409378093535674
1.983644717684209,-15.059611681764014
-7.485328540844984,-0.6767765695609573
-7.062520790961432,-1.0608401526400715
-9.104753122466605,0.3617395385626501
2.7733553386187864,-14.433001716394557
1.9586788926860383,-14.871243429954433
-3.058833990007313,-9.001089623894249
-2.2074843430242197,-7.311221755611394
2.9074991878736256,-12.865068435529833
-3.935134151407913,-7.155886586635779
-10.619444423254723,-1.1974893806936366
-9.332829460862644,1.608422381578507
-1.3743050387288225,-15.956058481491816
2.1699080562171265,-13.581159270684042
-2.2280528091142173,-7.3165539219543545
-7.348911268534255,0.865559810247608
-5.19673685837783,-10.280894543858015
-3.2865505309741794,-8.504573609276713
2.6259622498096666,-14.186883191147077
-4.667923014461213,-6.114427154449658
-3.1734720953408773,-7.88032131620131
1.944968889040847,-13.603203884462344
-0.5410129972974462,-15.289712821329882
-4.798094685197121,-6.359914153628477
-8.812042261617957,1.6637375466606177
0.6792770399640377,-11.680960735649123
0.507236569893984,-13.911732832105846
-5.605304100214406,-8.494221356623274
1.4239642812955793,-13.832383047294192
-7.889413546798386,-0.057629820203922044
-5.917095673156652,-8.831611688760296
-8.19852365375663,1.9299568970507108
-9.217311334507489,1.389374394965216
1.4254561115275697,-13.594114069640607
-4.3281002799436825,-7.452319733897052
2.256288582351758,-13.842102339938938
1.6680655994646107,-13.276917563741756
0.3898824388342186,-14.741189591539761
-3.8066576507777645,-8.471034027788798
1.4179671924991126,-14.752930314535263
-4.226318153270305,-7.329660170825408
-8.834885059237301,-0.48635523301634054
-8.728340068152296,1.7469923051779916
2.8535826378059177,-13.999389550776739
-3.7336639025676095,-8.147790804764295
-10.047246139107443,-0.28508997158727845
3.657228129733791,-14.436476051810606
-9.577240892499907,-0.016359951885517976
-7.458872125371756,-0.9879511690724476
-4.651849685436575,-8.318865218524905
-7.845708193738598,-0.0890992266741949
-5.962203566047908,-9.046963644924823
-4.415808306888256,-7.300639338947464
-9.083226297117085,1.7025651524785312
0.7920866261752744,-12.637690918542292
-9.581750118241315,-0.378976909569803
3.593686356349303,-12.080043961621543
-8.2838065919496,1.8458875511691155
-9.850348434343983,1.6223670764248264
-6.987734343280535,-7.460113358877792
-3.012177911085015,-9.13397794043283
-3.6998767554295937,-9.02385171974445
-5.152042078514038,-8.933901809726489
1.5036818950161173,-14.693429809124034
-9.939149232116094,2.221240827405243
-5.28137350168961,-8.884373826485318
-8.391581980434736,0.7367718336500347
-3.5265270034629697,-7.880717346454475
2.816939260115759,-15.069681795288053
2.8078284675731124,-13.686324443946807
0.4033707391442336,-12.496190688470167
-8.545840374563294,-0.9145987259537367
-3.5681442088624293,-8.854914838587373
-0.0450268848145261,-12.757289586952165
-7.364237069505219,0.6682665906459758
-4.988111565302937,-8.415215970801766
0.5043715403379605,-14.110773689275364
-3.9073694167305235,-10.108722522412087
-3.097223406932793,-7.722910501427591
0.9174650615911045,-13.751216746822655
-8.011311113251898,0.81780149613278
-7.41556082119045,1.388479395862624
3.291243107505039,-12.458066478826677
-0.5749731994939462,-13.876968086723945
-6.671355839125165,0.08832307838055675
-4.148231980713447,-8.938072694816709
-8.937022705235057,-0.6724565053195952
-4.745962449860356,-8.349206800064465
1.299757990086341,-13.29876162434341
1.4898800710521494,-13.923742440277953
-7.3318906097756305,1.7782415224979897
-4.958070223789595,-10.380368864733722
-0.26980255756975957,-14.767719742254728
0.17553739036251126,-13.227999074473164
-6.572205215197455,2.127673186257746
1.300905447635979,-14.28190294156657
-7.389091889487318,-1.0028383554035996
-8.17477143383396,1.4707918963767255
-0.9826466521437762,-13.80935475313466
-5.131651895833409,-9.528435905943581
1.3025385371527924,-14.370294108333002
-10.451339518659854,-0.5634463938267407
-6.827446832252395,1.2254859962608222
-0.16124782790886694,-14.047104148675816
-5.060431725284377,-6.69930032694332
0.8475646547477493,-14.958842532512186
-7.894223814823068,1.7089919221120549
-8.422340375352098,2.3905125152140982
-3.743013208438381,-6.980205428161973
-6.227596945160949,0.2784115178509557
1.7840617621710653,-13.562935783333153
-4.925227145568072,-9.060188285255592
-9.26950534139405,1.2305828738108988
0.865739407805673,-12.993299335007713
1.0482232325170033,-13.260873474305974
-8.722765574074634,0.2520994357921478
-3.981086887090135,-8.513336107412552
-7.9097753332468725,0.48566049831297436
-5.614903134983417,-8.191708241780363
-7.585302868679121,1.3535325049000022
-8.29780030595379,-0.42870229370418933
0.9793206330772275,-13.88198460389452
1.5649435849080522,-14.137757360084068
-4.967773375042868,-8.043008586661413
0.8227908195966566,-12.138111997676
-8.136364151583797,0.9488458230944832
-9.149563188363022,1.045825578418651
-8.446876108140485,0.3808277462294511
-8.929237388347328,1.5220018475563335
2.324109261806562,-13.568206314947243
-4.856734880270961,-6.458051862303154
-4.153866762083184,-6.76654589598169
-4.234128226428481,-8.597921353492406
-5.377774117223333,-8.020389797824597
-2.7693918169472576,-7.991702592999041
0.02960919527874384,-15.238800778345064
-9.185836964544254,0.40847065790424186
-5.956218280469933,-7.191123531981525
2.077755364362896,-13.672438069907571
0.5567599561534236,-14.6180296868794
1.4848951342918697,-10.710534286061742
2.301382470488217,-14.564098646506945
-3.9198012020297837,-8.653048338288846
-4.769946221375758,-9.349197854544991
-7.980153926456889,-1.237841348096139
-2.933601600073847,-9.698182277500234
-3.6648675126181205,-8.196743712653412
-6.0541090524256775,-8.900037641953062
-3.164673568346048,-8.986105765867869
1.4177520395653358,-13.48090431044017
1.1415392193373244,-13.689781484202058
-4.60545770860912,-10.33589064071111
-3.289319991197356,-8.096324582907771
-4.168369601754979,-7.6570001651672595
-7.80050338928635,-0.3313029467095623
-5.288384426819017,-7.663495869979368
-7.45841029440204,0.09804899325135674
-4.802850899008517,-9.363374476433044
-8.877851205211718,0.3498717242797591
-2.2654285885983683,-8.861323235680917
-7.393173259846558,1.4076238223533508
-7.291174088572099,0.2090652416738728
-8.798026436002225,0.14364963941765507
0.41443802437955357,-13.93506573323814
2.1499919007316035,-13.956050650412106
-9.04311983249718,0.7249200525865312
1.3001365566045815,-14.604292318876537
-8.259982632447453,0.31680330018057334
-4.963681255504356,-9.74194453096221
-4.222949983136162,-8.00834277689588
-0.7790214454392492,-12.923928812416618
-6.631132779276159,2.7812409402665925
-4.205498585747738,-8.470196777196685
2.202036540011105,-13.512658719467368
-3.923339716827977,-8.69731204521253
-4.094428483409986,-8.177869494736013
-3.360074662809812,-8.852491879419018
-4.1839739495861,-7.237844577465986
-4.3477433487126405,-9.053526085847693
-9.780410452731752,0.8025472599590348
-2.9021017625183463,-9.100322892607533
-7.833968663010016,0.8604824399082126
-8.641152171161151,0.848116920950065
1.0517371532036093,-14.205817288678768
-2.9549561856241207,-8.903204046890302
-0.03058097618408806,-12.853593508047474
2.221724938300098,-13.517378959791799
-6.5733649385321105,-0.5477392420073175
1.0088646607257903,-12.915145492080105
-5.1915485264077965,-5.998491033663104
-9.187317557316154,1.3206743146009292
1.9809754257404446,-14.93742887847824
-3.543418599174486,-9.984850277973464
2.584818852657124,-12.215015659264278
-7.461927579674147,1.4888102455031231
1.5138788928678215,-12.210323541477383
-9.058292027805733,0.6354625088716359
-7.6528652701887845,1.2513203842091112
-4.215305575239311,-7.333464407668624
-8.054931756584518,0.48676324151328393
-6.041293813909336,1.2422199305639092
-5.39545312641701,-8.795147728688852
-4.072569568899708,-7.868048127329323
2.6631857277181172,-13.280196249060642
-5.508370820932293,-7.201742625712866
2.6896033776428334,-12.64695789161595
-9.701494056076477,0.08108022992269048
-8.892978041198308,-0.010026196265496945
1.7569119871307277,-12.52011933271707
-7.186867162575746,0.6109364461260214
-7.60328835287322,1.6936500803567123
1.2378493082396491,-12.012097988750405
-8.12387541376978,-0.2690071164280804
2.2623567575639414,-13.246028374407391
-4.659399525837347,-6.492546892109097
1.2109220617742928,-13.307041216366287
0.463345491560881,-14.642540723277655
-7.325067780413669,-0.9986886658748195
-8.848349735577774,1.2199141517771983
-4.372827741304401,-8.762024421672411
0.6318085792693858,-13.65448967077266
0.46593241772191574,-14.58665182502576
-3.6947992047142657,-8.093154497148799
-6.626557146808496,1.1980936850886597
-9.706095184310586,-1.7917419349299344
-4.46562768713529,-6.992542928462685
1.6710991934588912,-12.746781820631352
-0.0816634639429723,-14.333567693595835
-3.9689663697614095,-5.778077703523099
-9.347200029136221,0.4498633741655113
-4.856317131402285,-8.445252685027288
-8.427230974687529,1.3219963151435565
-4.075007506529465,-8.68734526173918
0.9926352171334545,-12.995532107362033
-8.862090496068333,1.618582093773325
-8.769922985098727,3.036121998881123
-2.6905992865753485,-9.068456634612861
0.1695928955514434,-14.926520967118048
-7.869154352408174,0.6457009576440881
-2.2409460212879537,-8.349017556273502
-5.471282777948935,-8.98347317833392
-8.441917013903995,0.6368171381601744
-4.205968145645431,-8.997898984764552
-3.1810165448463392,-7.269282816730396
1.6117167855071395,-13.639739273620522
-8.224099313172683,2.770241835056162
1.7277011900692303,-13.052624038045739
1.572648904329706,-14.949427727380764
-7.8912214802510325,-0.4699062900156785
2.126580726520387,-9.611804858330766
-8.067730074428336,-0.3839451412900019
1.682802052981502,-14.753461565164852
-4.222700221521415,-8.794768915593211
0.05785834938291323,-13.606010815499516
1.7200374017448918,-14.086771793829051
3.0106400802957802,-14.878398678223965
-9.13855048885611,1.037141445403639
-8.961680044578163,0.7852388777819846
-8.533346485313803,0.18660849311083905
3.50608348062604,-12.532731402794692
1.494271922584197,-13.466413955092909
-3.9890034122330102,-7.276227071764183
-8.05167491651322,-0.5947449781317566
1.4094624937954676,-14.407663256571853
-7.553534045045227,0.8227106258150183
1.1176522825778221,-13.268512133062206
-3.162468141275895,-7.255675041997434
-3.1607279174404903,-7.648135971405968
-8.145986006674619,1.3122930157178594
1.49308149198071,-12.621949778646446
-8.655003028968956,1.3895619441329239
1.215938133614398,-14.150409783817777
1.3467800492580249,-13.640672061994762
1.4700261167235642,-15.845905705787324
2.2746422785435536,-13.742571797724777
2.155656075921602,-12.118362998796112
0.6367822008146318,-13.630148466146807
1.3516783617611927,-14.175987795432148
2.7916995124103456,-13.875171637984835
1.8218183410422513,-15.052345125073181
1.5337649324428968,-14.344253869679184
-9.427119353272465,1.472520274319776
-9.994511496620904,1.37058773700041
-9.924011013666977,0.3734767432745814
-3.642818756388019,-8.984313919868763
4.288545400552577,-14.49007114746204
3.136572046809021,-13.300523202490234
-9.81211792073313,-0.11238714865123034
-7.752602659467147,0.6117787733076324
1.9661472624831893,-13.367494333268544
1.1516858748453827,-13.1636635452546
-3.0983762878768704,-7.175103906813918
-7.815744742272037,-0.08010276771891056
-4.832541898704523,-8.111769630515266
1.1044025480996091,-12.572255696139212
-7.415453573788241,0.8452437121387055
-4.893805260577768,-7.757925767416351
-5.1270041568434515,-7.272134420418723
1.7075498325713303,-14.85455534549128
-8.530197563540169,0.8948272517725151
-4.026227937691674,-9.703534561100069
1.0787403954986057,-13.66428583732914
-3.2514405549538616,-8.654285903622766
-6.762944311723816,0.16726826076668666
1.1704915332983208,-14.198024116656226
-4.5108325795412565,-8.329325743025317
-0.10015457570812347,-13.210120964471278
-2.281747392444812,-8.384919837271612
-8.299334409549752,-0.1469506917761796
2.825273666732064,-13.01383082855949
-4.774816356261915,-8.222036968663119
2.3499884833801334,-15.164857767236812
-2.10342790137608,-9.056231678859373
1.7050379224572776,-12.77253549288008
1.2047953829432396,-15.22838572567927
-4.542624842979304,-8.007702279601212
-9.628164415315405,-0.3877125664036376
3.786518911725625,-13.828838452138813
-8.47258324991616,-2.0904471614556503
0.5746358271593793,-13.456554270834369
1.1693265231123375,-14.720492671398672
-6.92804548875877,1.4973996769073095
-6.06319001548644,-8.474453183950315
2.3214484797897605,-13.78711245376792
-2.8964026484783583,-9.3333176720565
1.9016608390929888,-12.553143236042283
-7.688821603262917,-0.08857295110223928
-3.330664353674854,-7.980546589883306
-4.332229998079563,-10.478329390282456
2.9452307819081938,-11.742355777355383
-8.579701279722707,-0.268472250755162
0.6467394806268211,-13.70150023593399
0.3999253485994425,-12.801242318232703
-9.854870633563419,1.626349625548095
-7.76209555611858,-0.03314229010243619
-3.2211465440590694,-7.457762288303191
0.18851402280711804,-14.001074561733565
-7.416077485866902,2.0417716968696022
-7.798918637255222,-0.009346804673887155
-3.927229755880021,-9.427838235818832
-6.3871305757469745,-8.990103406443335
-8.23007352993727,1.2239206661062136
-4.763862995349746,-8.340421272111278
-3.556744737254984,-8.247202910392065
-5.199502271453882,-8.974152472124462
-4.7779129463324885,-8.086261350768794
1.6530298494487716,-14.612128429319517
-4.568470852512015,-9.106338126785234
1.648014668213725,-13.776774211544463
1.012075262727663,-13.991068112146248
-9.744447028211997,3.6489145588773684
-8.902968191229004,0.652414601618316
-3.1721581429689634,-7.623075867307565
-1.6046903980817948,-13.55771428925301
-8.521490380445154,0.6054998499716209
1.4768722588350025,-12.587410940268796
-8.366218323687317,1.1125538965902662
-7.738903143696922,0.38639694096892535
2.0962841445915448,-12.969924323316162
2.8922090050557254,-13.176257551238825
-4.409295989460771,-8.821782029830509
-7.579992318473801,0.5900333960669607
-7.209998645840508,0.05652929591643108
4.027198889381005,-14.98188944333193
1.2257674434795562,-14.040561510044892
-9.654482077400543,1.406027520916793
-3.3218065942349044,-7.245976247403116
-5.230284393566235,-9.266705471194697
3.00234485497438,-15.499123014282679
-9.068309410319404,0.09597891410666182
-6.123916595958929,-7.881313298439584
-4.73669855665408,-8.753116750762453
-3.2293314547333356,-8.132264515995992
1.757417068128743,-12.980008216209912
-4.953123843479434,-9.079914505598328
2.2901361243664287,-12.449452580854878
-7.274008394810547,1.3300946973671728
-9.028969459635524,-0.5852974589466016
2.317681613643604,-12.111109052026505
-8.43814689241701,-0.7948574696785675
-7.367010037950974,0.6869345958092719
-6.289900565557241,-8.044954244338056
-8.804529483593088,0.8701202333360207
-8.314346253619147,0.5358965513617133
-4.689347159784581,-8.49021908786114
2.3946909026807934,-13.762069251332639
-8.578250883635906,0.38980451505197083
1.4255732511652772,-13.74936763233283
-4.52766853025313,-8.540775888649648
-9.140671938620093,-0.3201216121081216
-3.877506590748873,-7.536266175765026
-7.791997007573863,-0.35352177848575517
-9.28829861400169,0.36376303827702033
-4.591107499221833,-8.178953627667722
-0.33853787555240755,-14.882515684690624
-3.570824442777325,-8.061297257366506
-7.51571250548186,-0.26555698272644246
-9.241571422779007,0.27055266550412005
1.8729459998602267,-11.575661879900597
-8.746690686376391,-0.6905250646167
-5.579721114524041,1.5290699539842834
-10.038953228916617,-0.9702375593131531
-5.989216840377511,-7.917173795915049
-5.389016086308874,-8.770643491898436
-4.454613607811559,-8.36431480289995
3.638034194572913,-14.621048859960423
-6.961319765647729,0.6159774624206374
-4.6249214769853815,-8.089307340297426
-9.4881715882853,0.5431183393057397
-8.295949565632744,0.5651723147159383
-4.526734571221328,-7.852080959350462
1.4801720658333435,-14.367290506338037
-4.933541979560749,-8.363956384002892
-3.8616796189471057,-8.136594685497736
-9.06623925691532,-1.0492444313177895
-3.1320237537885234,-8.444107404816851
-7.768473467519033,1.2071186343153104
-2.8738184001395686,-7.655960440453354
1.5918841475059242,-12.631235434100876
0.5321355593275602,-14.777613327065037
-9.774128508091861,-0.07933917546588154
-5.990247519612668,-8.271514142119704
-2.237434168952955,-8.075792013058491
1.8510193868382199,-14.703705890706209
-8.850790196881041,-0.24376261263719534
-7.995851680666186,0.6935515010115982
3.484614594354454,-13.101669443198627
0.3565453083050476,-13.946971663882378
1.3656522311628148,-12.606577700077132
-4.850425165221867,-8.60837019913368
-2.94538754138229,-8.534783512834588
-3.566722599041479,-7.242364860212643
0.8865816009171106,-13.209085533706167
-8.157990324650676,-0.0043100898842476365
-6.745527421922192,-0.4648777276769873
2.6493163609523953,-14.581617988491821
-4.422727464532028,-9.281214597814754
-6.287670515705722,-10.554979312587859
0.4913220584511482,-15.878420942707658
1.2739066282939238,-14.191393194237481
-4.5565898784193894,-7.488642520490694
-3.645477644946404,-8.070364463573867
-6.935389982353753,-7.515287574669832
-8.951573574832425,-0.07202273900821032
2.1237918039672747,-14.398269280553134
-9.374615442037268,1.0964999049252453
-8.245164865184504,2.0384836832202193
-6.707554288383748,1.7965601672314084
-5.394163808127738,-8.529050960964375
-3.7353796172929945,-9.259551433874746
0.2913103008559679,-15.317755712060382
-7.012953365595776,0.8499355780185338
-7.3849597847916915,-0.5544524663405321
2.533239384070962,-13.378372313964121
-8.469279110939356,-0.2208148523450375
2.649803496336561,-14.13076910409352
-7.476196530814575,2.3176531037571286
-7.41624917591888,0.8673107552948386
-8.166153483403917,0.3578947683541074
-5.524071175079604,-9.079206305584716
1.7238746175558464,-13.181031532826633
-3.8333395225921874,-8.788189075008724
0.21004225733459592,-14.66108953984593
-4.355472380812292,-9.068401762214616
-4.7642418918369405,-10.239679103596629
4.085739062478765,-13.65313817991325
-3.4282524558666605,-8.414187093678255
-4.042269011515288,-7.106725860957813
0.9241975683732127,-12.79076187621499
-7.497577733392308,-0.6524720243051843
-8.278159008700248,0.7388376750157155
-10.337304721132307,1.9239810423046442
-8.628043530411732,1.2715033261363948
-8.707088041775217,-0.5436583955415872
1.6343858730396998,-11.38203512856395
-9.20604265403087,0.8825977772060913
2.3581548165344257,-12.647326554640921
-3.4097551395032974,-7.851982549606998
2.6552577688994177,-13.181585600625352
-2.0467207081491945,-7.8723070082786215
2.7486052918224044,-13.3830089292736
3.3091389905833104,-14.912577844322879
1.8579968801681763,-12.51838909461657
-4.349825942607577,-8.730221495932224
-2.796709425457339,-7.712326002259915
2.016731043794476,-13.371299106760503
2.4393044529390786,-13.970586915606754
1.591131670935361,-13.680500025660034
-5.141649271980808,-8.536213388741668
-10.449260796753228,0.8338069244865063
-8.828087846290215,0.4124548543695232
-8.950020179965676,2.691020330125948
-0.001527259388218516,-16.097430450142653
-3.2748784414391245,-9.206350285179854
0.2222655430675493,-11.778622540780681
-0.23931942960537178,-14.595726448041844
-3.918801789832831,-9.596755634347517
-3.3472539615678647,-9.78940608382981
2.524984467733403,-12.006483116522583
-4.66961364796596,-8.404170284629682
1.4931379781889962,-14.950354269276849
1.7519580385420723,-13.173354192904876
-7.041520346294442,-1.2322239415864897
